yas,qx
0,0.01168
1,0.00078
20,0.00063
40,0.00163
60,0.00832
65,0.01255
70,0.02012
75,0.03358
80,0.05791
85,0.10182
90,0.17645
95,0.28825
100,1.00000
